cagr,annualized_vol,max_drawdown,final_multiple,uvix_entries,uvix_exits,uvix_gspc_profit_exit_only,uvix_rsi_exit_only,uvix_rsi_and_gspc_profit_exit,low_rsi_entries,low_rsi_exits,skipped_uvix_entry_days,start,end,alpha_drawdown_pct,uvix_entry_rsi,uvix_entry_min_bb_z,uvix_exit_rsi,uvix_gspc_profit_exit_pct,low_rsi_entry,low_rsi_exit,uvix_day_share,low_rsi_day_share,base_reentry_rule,transition_policy
1.1935437124479868,0.6695293225969324,-0.818758920516932,322425.6867267135,142,141,71,16,54,0,0,119,2010-02-12,2026-04-17,0.0,67.5,1.6,66.0,0.1,30.0,32.5,0.0,0.0,tqqq_open_drawdown_from_immediate_prior_peak,one_open_transition_per_day
1.1935437124479868,0.6695293225969324,-0.818758920516932,322425.6867267135,142,141,71,16,54,0,0,119,2010-02-12,2026-04-17,0.5,67.5,1.6,66.0,0.1,30.0,32.5,0.0,0.0,tqqq_open_drawdown_from_immediate_prior_peak,one_open_transition_per_day
1.1935437124479868,0.6695293225969324,-0.818758920516932,322425.6867267135,142,141,71,16,54,0,0,119,2010-02-12,2026-04-17,1.0,67.5,1.6,66.0,0.1,30.0,32.5,0.0,0.0,tqqq_open_drawdown_from_immediate_prior_peak,one_open_transition_per_day
1.1935437124479868,0.6695293225969324,-0.818758920516932,322425.6867267135,142,141,71,16,54,0,0,119,2010-02-12,2026-04-17,1.5,67.5,1.6,66.0,0.1,30.0,32.5,0.0,0.0,tqqq_open_drawdown_from_immediate_prior_peak,one_open_transition_per_day
1.1935437124479868,0.6695293225969324,-0.818758920516932,322425.6867267135,142,141,71,16,54,0,0,119,2010-02-12,2026-04-17,2.0,67.5,1.6,66.0,0.1,30.0,32.5,0.0,0.0,tqqq_open_drawdown_from_immediate_prior_peak,one_open_transition_per_day
1.1935437124479868,0.6695293225969324,-0.818758920516932,322425.6867267135,142,141,71,16,54,0,0,119,2010-02-12,2026-04-17,2.5,67.5,1.6,66.0,0.1,30.0,32.5,0.0,0.0,tqqq_open_drawdown_from_immediate_prior_peak,one_open_transition_per_day
1.1935437124479868,0.6695293225969324,-0.818758920516932,322425.6867267135,142,141,71,16,54,0,0,119,2010-02-12,2026-04-17,3.0,67.5,1.6,66.0,0.1,30.0,32.5,0.0,0.0,tqqq_open_drawdown_from_immediate_prior_peak,one_open_transition_per_day
1.1935437124479868,0.6695293225969324,-0.818758920516932,322425.6867267135,142,141,71,16,54,0,0,119,2010-02-12,2026-04-17,3.5,67.5,1.6,66.0,0.1,30.0,32.5,0.0,0.0,tqqq_open_drawdown_from_immediate_prior_peak,one_open_transition_per_day
1.1935437124479868,0.6695293225969324,-0.818758920516932,322425.6867267135,142,141,71,16,54,0,0,119,2010-02-12,2026-04-17,4.0,67.5,1.6,66.0,0.1,30.0,32.5,0.0,0.0,tqqq_open_drawdown_from_immediate_prior_peak,one_open_transition_per_day
1.1935437124479868,0.6695293225969324,-0.818758920516932,322425.6867267135,142,141,71,16,54,0,0,119,2010-02-12,2026-04-17,4.5,67.5,1.6,66.0,0.1,30.0,32.5,0.0,0.0,tqqq_open_drawdown_from_immediate_prior_peak,one_open_transition_per_day
1.1935437124479868,0.6695293225969324,-0.818758920516932,322425.6867267135,142,141,71,16,54,0,0,119,2010-02-12,2026-04-17,5.0,67.5,1.6,66.0,0.1,30.0,32.5,0.0,0.0,tqqq_open_drawdown_from_immediate_prior_peak,one_open_transition_per_day
1.1935437124479868,0.6695293225969324,-0.818758920516932,322425.6867267135,142,141,71,16,54,0,0,119,2010-02-12,2026-04-17,5.5,67.5,1.6,66.0,0.1,30.0,32.5,0.0,0.0,tqqq_open_drawdown_from_immediate_prior_peak,one_open_transition_per_day
1.1935437124479868,0.6695293225969324,-0.818758920516932,322425.6867267135,142,141,71,16,54,0,0,119,2010-02-12,2026-04-17,6.0,67.5,1.6,66.0,0.1,30.0,32.5,0.0,0.0,tqqq_open_drawdown_from_immediate_prior_peak,one_open_transition_per_day
1.1935437124479868,0.6695293225969324,-0.818758920516932,322425.6867267135,142,141,71,16,54,0,0,119,2010-02-12,2026-04-17,6.5,67.5,1.6,66.0,0.1,30.0,32.5,0.0,0.0,tqqq_open_drawdown_from_immediate_prior_peak,one_open_transition_per_day
1.1984982826137918,0.6695611322856542,-0.818758920516932,334388.16350992915,142,141,71,16,54,0,0,119,2010-02-12,2026-04-17,7.0,67.5,1.6,66.0,0.1,30.0,32.5,0.0,0.0,tqqq_open_drawdown_from_immediate_prior_peak,one_open_transition_per_day
1.1984982826137918,0.6695611322856542,-0.818758920516932,334388.16350992915,142,141,71,16,54,0,0,119,2010-02-12,2026-04-17,7.5,67.5,1.6,66.0,0.1,30.0,32.5,0.0,0.0,tqqq_open_drawdown_from_immediate_prior_peak,one_open_transition_per_day
1.2039696582202715,0.6693479281475427,-0.8187589205169319,348081.6120014299,142,141,71,16,54,0,0,119,2010-02-12,2026-04-17,8.0,67.5,1.6,66.0,0.1,30.0,32.5,0.0,0.0,tqqq_open_drawdown_from_immediate_prior_peak,one_open_transition_per_day
1.1981262177401009,0.6691872403050462,-0.8187589205169318,333475.5770092707,142,141,71,16,54,0,0,119,2010-02-12,2026-04-17,8.5,67.5,1.6,66.0,0.1,30.0,32.5,0.0,0.0,tqqq_open_drawdown_from_immediate_prior_peak,one_open_transition_per_day
1.2085546320134095,0.6689857669295942,-0.8187589205169319,359959.93270342884,142,141,71,16,54,0,0,119,2010-02-12,2026-04-17,9.0,67.5,1.6,66.0,0.1,30.0,32.5,0.0,0.0,tqqq_open_drawdown_from_immediate_prior_peak,one_open_transition_per_day
1.203396959899957,0.6689547948708903,-0.8187589205169319,346624.02640049875,142,141,71,16,54,0,0,119,2010-02-12,2026-04-17,9.5,67.5,1.6,66.0,0.1,30.0,32.5,0.0,0.0,tqqq_open_drawdown_from_immediate_prior_peak,one_open_transition_per_day
1.1943398385419264,0.6689502880912238,-0.8187589205169321,324320.4130770337,142,141,71,16,54,0,0,119,2010-02-12,2026-04-17,10.0,67.5,1.6,66.0,0.1,30.0,32.5,0.0,0.0,tqqq_open_drawdown_from_immediate_prior_peak,one_open_transition_per_day
1.2125592810192667,0.6686934165014584,-0.8187589205169322,370644.86000417575,142,141,71,16,54,0,0,119,2010-02-12,2026-04-17,10.5,67.5,1.6,66.0,0.1,30.0,32.5,0.0,0.0,tqqq_open_drawdown_from_immediate_prior_peak,one_open_transition_per_day
1.2254104429306016,0.6683608867861643,-0.8187589205169321,406977.6651417165,142,141,71,16,54,0,0,119,2010-02-12,2026-04-17,11.0,67.5,1.6,66.0,0.1,30.0,32.5,0.0,0.0,tqqq_open_drawdown_from_immediate_prior_peak,one_open_transition_per_day
1.2314026883468827,0.6682877408045945,-0.8187589205169319,425037.57752149785,142,141,71,16,54,0,0,119,2010-02-12,2026-04-17,11.5,67.5,1.6,66.0,0.1,30.0,32.5,0.0,0.0,tqqq_open_drawdown_from_immediate_prior_peak,one_open_transition_per_day
1.2314026883468827,0.6682877408045945,-0.8187589205169319,425037.57752149785,142,141,71,16,54,0,0,119,2010-02-12,2026-04-17,12.0,67.5,1.6,66.0,0.1,30.0,32.5,0.0,0.0,tqqq_open_drawdown_from_immediate_prior_peak,one_open_transition_per_day
1.2249418994370358,0.6683446037417389,-0.818758920516932,405596.3106105311,142,141,71,16,54,0,0,119,2010-02-12,2026-04-17,12.5,67.5,1.6,66.0,0.1,30.0,32.5,0.0,0.0,tqqq_open_drawdown_from_immediate_prior_peak,one_open_transition_per_day
1.2258669749586635,0.6673206694076219,-0.8187589205169319,408327.8515246771,142,141,71,16,54,0,0,119,2010-02-12,2026-04-17,13.0,67.5,1.6,66.0,0.1,30.0,32.5,0.0,0.0,tqqq_open_drawdown_from_immediate_prior_peak,one_open_transition_per_day
1.2258669749586635,0.6673206694076219,-0.8187589205169319,408327.8515246771,142,141,71,16,54,0,0,119,2010-02-12,2026-04-17,13.5,67.5,1.6,66.0,0.1,30.0,32.5,0.0,0.0,tqqq_open_drawdown_from_immediate_prior_peak,one_open_transition_per_day
1.2258669749586635,0.6673206694076219,-0.8187589205169319,408327.8515246771,142,141,71,16,54,0,0,119,2010-02-12,2026-04-17,14.0,67.5,1.6,66.0,0.1,30.0,32.5,0.0,0.0,tqqq_open_drawdown_from_immediate_prior_peak,one_open_transition_per_day
1.2232617753392847,0.6671952939790807,-0.8187589205169321,400679.0652648493,142,141,71,16,54,1,1,119,2010-02-12,2026-04-17,14.5,67.5,1.6,66.0,0.1,30.0,32.5,0.0,0.0,tqqq_open_drawdown_from_immediate_prior_peak,one_open_transition_per_day
1.2232617753392847,0.6671952939790807,-0.8187589205169321,400679.0652648493,142,141,71,16,54,1,1,119,2010-02-12,2026-04-17,15.0,67.5,1.6,66.0,0.1,30.0,32.5,0.0,0.0,tqqq_open_drawdown_from_immediate_prior_peak,one_open_transition_per_day
1.2147706893261057,0.6664094342727519,-0.8187589205169317,376671.9764295311,142,141,71,16,54,1,1,119,2010-02-12,2026-04-17,15.5,67.5,1.6,66.0,0.1,30.0,32.5,0.0,0.0,tqqq_open_drawdown_from_immediate_prior_peak,one_open_transition_per_day
1.2147706893261057,0.6664094342727519,-0.8187589205169317,376671.9764295311,142,141,71,16,54,1,1,119,2010-02-12,2026-04-17,16.0,67.5,1.6,66.0,0.1,30.0,32.5,0.0,0.0,tqqq_open_drawdown_from_immediate_prior_peak,one_open_transition_per_day
1.2239271954586064,0.6665206530621617,-0.8187589205169321,402619.83416017337,142,141,71,16,54,1,1,119,2010-02-12,2026-04-17,16.5,67.5,1.6,66.0,0.1,30.0,32.5,0.0,0.0,tqqq_open_drawdown_from_immediate_prior_peak,one_open_transition_per_day
1.2239271954586064,0.6665206530621617,-0.8187589205169321,402619.83416017337,142,141,71,16,54,1,1,119,2010-02-12,2026-04-17,17.0,67.5,1.6,66.0,0.1,30.0,32.5,0.0,0.0,tqqq_open_drawdown_from_immediate_prior_peak,one_open_transition_per_day
1.2350040225082624,0.6665075870183268,-0.8187589205169318,436250.43394280045,142,141,71,16,54,1,1,119,2010-02-12,2026-04-17,17.5,67.5,1.6,66.0,0.1,30.0,32.5,0.0,0.0,tqqq_open_drawdown_from_immediate_prior_peak,one_open_transition_per_day
1.2350040225082624,0.6665075870183268,-0.8187589205169318,436250.43394280045,142,141,71,16,54,1,1,119,2010-02-12,2026-04-17,18.0,67.5,1.6,66.0,0.1,30.0,32.5,0.0,0.0,tqqq_open_drawdown_from_immediate_prior_peak,one_open_transition_per_day
1.2405102114258675,0.6664346347007892,-0.8187589205169318,453931.86301732453,142,141,71,16,54,1,1,119,2010-02-12,2026-04-17,18.5,67.5,1.6,66.0,0.1,30.0,32.5,0.0,0.0,tqqq_open_drawdown_from_immediate_prior_peak,one_open_transition_per_day
1.2410563871337152,0.6663792935105918,-0.8187589205169317,455721.9133513225,142,141,71,16,54,1,1,119,2010-02-12,2026-04-17,19.0,67.5,1.6,66.0,0.1,30.0,32.5,0.0,0.0,tqqq_open_drawdown_from_immediate_prior_peak,one_open_transition_per_day
1.2397391070740715,0.666275961548302,-0.8187589205169318,451415.8527030615,142,141,71,16,54,1,1,119,2010-02-12,2026-04-17,19.5,67.5,1.6,66.0,0.1,30.0,32.5,0.0,0.0,tqqq_open_drawdown_from_immediate_prior_peak,one_open_transition_per_day
1.2300388744539177,0.665917627180826,-0.8187589205169319,420862.32724818756,142,141,71,16,54,1,1,119,2010-02-12,2026-04-17,20.0,67.5,1.6,66.0,0.1,30.0,32.5,0.0,0.0,tqqq_open_drawdown_from_immediate_prior_peak,one_open_transition_per_day
1.24651132568806,0.6659774551242178,-0.818758920516932,473967.09293123346,142,141,71,16,54,1,1,119,2010-02-12,2026-04-17,20.5,67.5,1.6,66.0,0.1,30.0,32.5,0.0,0.0,tqqq_open_drawdown_from_immediate_prior_peak,one_open_transition_per_day
1.2638458572420173,0.6652501550101152,-0.8187589205169321,536599.392016891,142,141,71,16,54,2,2,119,2010-02-12,2026-04-17,21.0,67.5,1.6,66.0,0.1,30.0,32.5,0.0,0.0,tqqq_open_drawdown_from_immediate_prior_peak,one_open_transition_per_day
1.3050793691956502,0.6645256582294081,-0.8187589205169316,718167.3198364961,142,141,71,16,54,2,2,119,2010-02-12,2026-04-17,21.5,67.5,1.6,66.0,0.1,30.0,32.5,0.0,0.0,tqqq_open_drawdown_from_immediate_prior_peak,one_open_transition_per_day
1.301016327311744,0.6643868440136741,-0.8187589205169318,697998.0485508352,142,141,71,16,54,2,2,119,2010-02-12,2026-04-17,22.0,67.5,1.6,66.0,0.1,30.0,32.5,0.0,0.0,tqqq_open_drawdown_from_immediate_prior_peak,one_open_transition_per_day
1.2964374739799105,0.6635530085430703,-0.8187589205169319,675905.5178959422,142,141,71,16,54,2,2,119,2010-02-12,2026-04-17,22.5,67.5,1.6,66.0,0.1,30.0,32.5,0.0,0.0,tqqq_open_drawdown_from_immediate_prior_peak,one_open_transition_per_day
1.2847741760254512,0.6634255391952014,-0.818758920516932,622557.9887321977,142,141,71,16,54,3,3,119,2010-02-12,2026-04-17,23.0,67.5,1.6,66.0,0.1,30.0,32.5,0.0,0.0,tqqq_open_drawdown_from_immediate_prior_peak,one_open_transition_per_day
1.2826297962930058,0.6632679351635057,-0.8187589205169319,613190.1138341812,142,141,71,16,54,3,3,119,2010-02-12,2026-04-17,23.5,67.5,1.6,66.0,0.1,30.0,32.5,0.0,0.0,tqqq_open_drawdown_from_immediate_prior_peak,one_open_transition_per_day
1.2625310594612467,0.6630394039913658,-0.8187589205169318,531589.3631800864,142,141,71,16,54,3,3,119,2010-02-12,2026-04-17,24.0,67.5,1.6,66.0,0.1,30.0,32.5,0.0,0.0,tqqq_open_drawdown_from_immediate_prior_peak,one_open_transition_per_day
1.2633359333997203,0.6627998422040876,-0.8187589205169321,534651.0953432576,142,141,71,16,54,3,3,119,2010-02-12,2026-04-17,24.5,67.5,1.6,66.0,0.1,30.0,32.5,0.0,0.0,tqqq_open_drawdown_from_immediate_prior_peak,one_open_transition_per_day
1.2633359333997203,0.6627998422040876,-0.8187589205169321,534651.0953432576,142,141,71,16,54,3,3,119,2010-02-12,2026-04-17,25.0,67.5,1.6,66.0,0.1,30.0,32.5,0.0,0.0,tqqq_open_drawdown_from_immediate_prior_peak,one_open_transition_per_day
1.2815903497706564,0.6606197341748432,-0.8187589205169319,608696.9543455346,142,141,71,16,54,3,3,119,2010-02-12,2026-04-17,25.5,67.5,1.6,66.0,0.1,30.0,32.5,0.0,0.0,tqqq_open_drawdown_from_immediate_prior_peak,one_open_transition_per_day
1.28488852801781,0.6599024442290364,-0.8187589205169319,623061.294652621,142,141,71,16,54,3,3,119,2010-02-12,2026-04-17,26.0,67.5,1.6,66.0,0.1,30.0,32.5,0.0,0.0,tqqq_open_drawdown_from_immediate_prior_peak,one_open_transition_per_day
1.2703281052183142,0.6599059967985637,-0.8187589205169321,561954.1221256749,142,141,71,16,54,3,3,119,2010-02-12,2026-04-17,26.5,67.5,1.6,66.0,0.1,30.0,32.5,0.0,0.0,tqqq_open_drawdown_from_immediate_prior_peak,one_open_transition_per_day
1.28097329877314,0.6591498802306806,-0.8187589205169318,606044.2896253791,142,141,71,16,54,3,3,119,2010-02-12,2026-04-17,27.0,67.5,1.6,66.0,0.1,30.0,32.5,0.0,0.0,tqqq_open_drawdown_from_immediate_prior_peak,one_open_transition_per_day
1.2939576718319525,0.659641100534889,-0.8187589205169319,664216.2476872801,142,141,71,16,54,3,3,119,2010-02-12,2026-04-17,27.5,67.5,1.6,66.0,0.1,30.0,32.5,0.0,0.0,tqqq_open_drawdown_from_immediate_prior_peak,one_open_transition_per_day
1.2939576718319525,0.659641100534889,-0.8187589205169319,664216.2476872801,142,141,71,16,54,3,3,119,2010-02-12,2026-04-17,28.0,67.5,1.6,66.0,0.1,30.0,32.5,0.0,0.0,tqqq_open_drawdown_from_immediate_prior_peak,one_open_transition_per_day
1.2813298411264107,0.6591601854340813,-0.818758920516932,607575.717808384,142,141,71,16,54,4,4,119,2010-02-12,2026-04-17,28.5,67.5,1.6,66.0,0.1,30.0,32.5,0.0,0.0,tqqq_open_drawdown_from_immediate_prior_peak,one_open_transition_per_day
1.2951166927314577,0.6575009857931643,-0.8187589205169319,669655.8243552183,142,141,71,16,54,4,4,119,2010-02-12,2026-04-17,29.0,67.5,1.6,66.0,0.1,30.0,32.5,0.0,0.0,tqqq_open_drawdown_from_immediate_prior_peak,one_open_transition_per_day
1.287125608471007,0.6574195732228078,-0.8187589205169319,632984.6308502177,142,141,71,16,54,4,4,119,2010-02-12,2026-04-17,29.5,67.5,1.6,66.0,0.1,30.0,32.5,0.0,0.0,tqqq_open_drawdown_from_immediate_prior_peak,one_open_transition_per_day
1.3395598802826534,0.6580603972515996,-0.8187589205169317,912735.4426897446,142,141,71,16,54,6,6,119,2010-02-12,2026-04-17,30.0,67.5,1.6,66.0,0.1,30.0,32.5,0.0,0.0,tqqq_open_drawdown_from_immediate_prior_peak,one_open_transition_per_day
1.3671420839799353,0.6575643003204288,-0.818758920516932,1102896.7580493449,142,141,71,16,54,7,7,119,2010-02-12,2026-04-17,30.5,67.5,1.6,66.0,0.1,30.0,32.5,0.0,0.0,tqqq_open_drawdown_from_immediate_prior_peak,one_open_transition_per_day
1.3409705663236697,0.6576443402305697,-0.8187589205169319,921662.58798963,142,141,71,16,54,7,7,119,2010-02-12,2026-04-17,31.0,67.5,1.6,66.0,0.1,30.0,32.5,0.0,0.0,tqqq_open_drawdown_from_immediate_prior_peak,one_open_transition_per_day
1.3178813855321745,0.6570055849830333,-0.8187589205169319,785351.3337032761,142,141,71,16,54,7,7,119,2010-02-12,2026-04-17,31.5,67.5,1.6,66.0,0.1,30.0,32.5,0.0,0.0,tqqq_open_drawdown_from_immediate_prior_peak,one_open_transition_per_day
1.3100741997170453,0.6569435119161149,-0.8187589205169318,743711.3275108995,142,141,71,16,54,9,9,119,2010-02-12,2026-04-17,32.0,67.5,1.6,66.0,0.1,30.0,32.5,0.0,0.0,tqqq_open_drawdown_from_immediate_prior_peak,one_open_transition_per_day
1.3300920318067506,0.6567394156798372,-0.7943657913182784,854887.3545454371,142,141,71,16,54,10,10,119,2010-02-12,2026-04-17,32.5,67.5,1.6,66.0,0.1,30.0,32.5,0.0,0.0,tqqq_open_drawdown_from_immediate_prior_peak,one_open_transition_per_day
1.3339905365324594,0.6563055648246992,-0.7943657913182786,878277.4818716052,142,141,71,16,54,10,10,119,2010-02-12,2026-04-17,33.0,67.5,1.6,66.0,0.1,30.0,32.5,0.0,0.0,tqqq_open_drawdown_from_immediate_prior_peak,one_open_transition_per_day
1.3494912851795768,0.6562574362850921,-0.7943657913182783,977349.2778723639,142,141,71,16,54,10,10,119,2010-02-12,2026-04-17,33.5,67.5,1.6,66.0,0.1,30.0,32.5,0.0,0.0,tqqq_open_drawdown_from_immediate_prior_peak,one_open_transition_per_day
1.3528142066607804,0.6560395626855386,-0.7943657913182783,999909.3819910393,142,141,71,16,54,10,10,119,2010-02-12,2026-04-17,34.0,67.5,1.6,66.0,0.1,30.0,32.5,0.0,0.0,tqqq_open_drawdown_from_immediate_prior_peak,one_open_transition_per_day
1.3556853903170007,0.6554884632632259,-0.7689470506667807,1019795.0147753626,142,141,71,16,54,10,10,119,2010-02-12,2026-04-17,34.5,67.5,1.6,66.0,0.1,30.0,32.5,0.0,0.0,tqqq_open_drawdown_from_immediate_prior_peak,one_open_transition_per_day
1.3496155153414464,0.654054566972604,-0.7689470506667805,978184.0425779287,142,141,71,16,54,10,10,119,2010-02-12,2026-04-17,35.0,67.5,1.6,66.0,0.1,30.0,32.5,0.0,0.0,tqqq_open_drawdown_from_immediate_prior_peak,one_open_transition_per_day
1.3748768003230043,0.6531228031008803,-0.7689470506667805,1162548.3150888353,142,141,71,16,54,11,11,119,2010-02-12,2026-04-17,35.5,67.5,1.6,66.0,0.1,30.0,32.5,0.0,0.0,tqqq_open_drawdown_from_immediate_prior_peak,one_open_transition_per_day
1.4002027882933286,0.6530289165070579,-0.7689470506667807,1379739.2814261017,142,141,71,16,54,11,11,119,2010-02-12,2026-04-17,36.0,67.5,1.6,66.0,0.1,30.0,32.5,0.0,0.0,tqqq_open_drawdown_from_immediate_prior_peak,one_open_transition_per_day
1.391176166181547,0.6525597595698578,-0.768947050666781,1298299.7298181609,142,141,71,16,54,12,12,119,2010-02-12,2026-04-17,36.5,67.5,1.6,66.0,0.1,30.0,32.5,0.0,0.0,tqqq_open_drawdown_from_immediate_prior_peak,one_open_transition_per_day
1.3411578167566938,0.6513346134757263,-0.7875993884076185,922853.6903744403,142,141,71,16,54,12,12,119,2010-02-12,2026-04-17,37.0,67.5,1.6,66.0,0.1,30.0,32.5,0.0,0.0,tqqq_open_drawdown_from_immediate_prior_peak,one_open_transition_per_day
1.4131739217153898,0.6474464535653854,-0.7875993884076191,1505191.3053980889,142,141,71,16,54,13,13,119,2010-02-12,2026-04-17,37.5,67.5,1.6,66.0,0.1,30.0,32.5,0.0,0.0,tqqq_open_drawdown_from_immediate_prior_peak,one_open_transition_per_day
1.4533607586871162,0.6451571778572134,-0.7875993884076187,1965212.4469967994,142,141,71,16,54,13,13,119,2010-02-12,2026-04-17,38.0,67.5,1.6,66.0,0.1,30.0,32.5,0.0,0.0,tqqq_open_drawdown_from_immediate_prior_peak,one_open_transition_per_day
1.5049841623738196,0.6435230837419404,-0.7875993884076187,2750644.4106443436,142,141,71,16,54,14,14,119,2010-02-12,2026-04-17,38.5,67.5,1.6,66.0,0.1,30.0,32.5,0.0,0.0,tqqq_open_drawdown_from_immediate_prior_peak,one_open_transition_per_day
1.5143081035657753,0.6431380981934686,-0.7818519378931421,2920703.869509521,142,141,71,16,54,14,14,119,2010-02-12,2026-04-17,39.0,67.5,1.6,66.0,0.1,30.0,32.5,0.0,0.0,tqqq_open_drawdown_from_immediate_prior_peak,one_open_transition_per_day
1.5143081035657753,0.6431380981934686,-0.7818519378931421,2920703.869509521,142,141,71,16,54,14,14,119,2010-02-12,2026-04-17,39.5,67.5,1.6,66.0,0.1,30.0,32.5,0.0,0.0,tqqq_open_drawdown_from_immediate_prior_peak,one_open_transition_per_day
1.5172926130595088,0.6433391704589567,-0.7776330162254859,2977189.4542122846,142,141,71,16,54,16,16,119,2010-02-12,2026-04-17,40.0,67.5,1.6,66.0,0.1,30.0,32.5,0.0,0.0,tqqq_open_drawdown_from_immediate_prior_peak,one_open_transition_per_day
1.5345273049459158,0.6413447715002042,-0.7776330162254856,3323945.7164490693,142,141,71,16,54,16,16,119,2010-02-12,2026-04-17,40.5,67.5,1.6,66.0,0.1,30.0,32.5,0.0,0.0,tqqq_open_drawdown_from_immediate_prior_peak,one_open_transition_per_day
1.4945956278915622,0.639980827943922,-0.761951367123406,2572125.856289112,142,141,71,16,54,16,16,119,2010-02-12,2026-04-17,41.0,67.5,1.6,66.0,0.1,30.0,32.5,0.0,0.0,tqqq_open_drawdown_from_immediate_prior_peak,one_open_transition_per_day
1.4887013500967674,0.6368316613997678,-0.743646790972229,2475730.661633778,142,141,71,16,54,17,17,119,2010-02-12,2026-04-17,41.5,67.5,1.6,66.0,0.1,30.0,32.5,0.0,0.0,tqqq_open_drawdown_from_immediate_prior_peak,one_open_transition_per_day
1.474764336648192,0.6364243210075593,-0.7642073350185257,2261113.407889778,142,141,71,16,54,17,17,119,2010-02-12,2026-04-17,42.0,67.5,1.6,66.0,0.1,30.0,32.5,0.0,0.0,tqqq_open_drawdown_from_immediate_prior_peak,one_open_transition_per_day
1.4547880392272337,0.6333474041284485,-0.7642073350185258,1983754.5546562783,142,141,71,16,54,17,17,119,2010-02-12,2026-04-17,42.5,67.5,1.6,66.0,0.1,30.0,32.5,0.0,0.0,tqqq_open_drawdown_from_immediate_prior_peak,one_open_transition_per_day
1.4331775999789071,0.6307906336779975,-0.7642073350185259,1719812.4059100891,142,141,71,16,54,17,17,119,2010-02-12,2026-04-17,43.0,67.5,1.6,66.0,0.1,30.0,32.5,0.0,0.0,tqqq_open_drawdown_from_immediate_prior_peak,one_open_transition_per_day
1.352556074107473,0.6286841735057905,-0.7642073350185258,998139.5089302306,142,141,71,16,54,18,18,119,2010-02-12,2026-04-17,43.5,67.5,1.6,66.0,0.1,30.0,32.5,0.0,0.0,tqqq_open_drawdown_from_immediate_prior_peak,one_open_transition_per_day
1.3686446254596984,0.6283757837953523,-0.7642073350185259,1114255.0527033538,142,141,71,16,54,18,18,119,2010-02-12,2026-04-17,44.0,67.5,1.6,66.0,0.1,30.0,32.5,0.0,0.0,tqqq_open_drawdown_from_immediate_prior_peak,one_open_transition_per_day
1.3741271882951342,0.628297538614644,-0.755238613456344,1156637.386003398,142,141,71,16,54,18,18,119,2010-02-12,2026-04-17,44.5,67.5,1.6,66.0,0.1,30.0,32.5,0.0,0.0,tqqq_open_drawdown_from_immediate_prior_peak,one_open_transition_per_day
1.3831506209377924,0.6283789713547687,-0.755238613456344,1229700.3153198787,142,141,71,16,54,18,18,119,2010-02-12,2026-04-17,45.0,67.5,1.6,66.0,0.1,30.0,32.5,0.0,0.0,tqqq_open_drawdown_from_immediate_prior_peak,one_open_transition_per_day
1.4146185281486447,0.630909479274504,-0.7127071572428043,1519806.6757619497,142,141,71,16,54,18,18,119,2010-02-12,2026-04-17,45.5,67.5,1.6,66.0,0.1,30.0,32.5,0.0,0.0,tqqq_open_drawdown_from_immediate_prior_peak,one_open_transition_per_day
1.4146185281486447,0.630909479274504,-0.7127071572428043,1519806.6757619497,142,141,71,16,54,18,18,119,2010-02-12,2026-04-17,46.0,67.5,1.6,66.0,0.1,30.0,32.5,0.0,0.0,tqqq_open_drawdown_from_immediate_prior_peak,one_open_transition_per_day
1.365379558217417,0.6297169166499559,-0.7127071572428041,1089711.5841747562,142,141,71,16,54,18,18,119,2010-02-12,2026-04-17,46.5,67.5,1.6,66.0,0.1,30.0,32.5,0.0,0.0,tqqq_open_drawdown_from_immediate_prior_peak,one_open_transition_per_day
1.3655119213117,0.6293840604800932,-0.7124474631386981,1090696.6127987606,142,141,71,16,54,18,18,119,2010-02-12,2026-04-17,47.0,67.5,1.6,66.0,0.1,30.0,32.5,0.0,0.0,tqqq_open_drawdown_from_immediate_prior_peak,one_open_transition_per_day
1.3655119213117,0.6293840604800932,-0.7124474631386981,1090696.6127987606,142,141,71,16,54,18,18,119,2010-02-12,2026-04-17,47.5,67.5,1.6,66.0,0.1,30.0,32.5,0.0,0.0,tqqq_open_drawdown_from_immediate_prior_peak,one_open_transition_per_day
1.3700057306600848,0.6240517519280874,-0.7124474631386979,1124638.8112574995,142,141,71,16,54,18,18,119,2010-02-12,2026-04-17,48.0,67.5,1.6,66.0,0.1,30.0,32.5,0.0,0.0,tqqq_open_drawdown_from_immediate_prior_peak,one_open_transition_per_day
1.37096686622221,0.6237094779731768,-0.7105587153540655,1132025.840725088,142,141,71,16,54,19,19,119,2010-02-12,2026-04-17,48.5,67.5,1.6,66.0,0.1,30.0,32.5,0.0,0.0,tqqq_open_drawdown_from_immediate_prior_peak,one_open_transition_per_day
1.37096686622221,0.6237094779731768,-0.7105587153540655,1132025.840725088,142,141,71,16,54,19,19,119,2010-02-12,2026-04-17,49.0,67.5,1.6,66.0,0.1,30.0,32.5,0.0,0.0,tqqq_open_drawdown_from_immediate_prior_peak,one_open_transition_per_day
1.37096686622221,0.6237094779731768,-0.7105587153540655,1132025.840725088,142,141,71,16,54,19,19,119,2010-02-12,2026-04-17,49.5,67.5,1.6,66.0,0.1,30.0,32.5,0.0,0.0,tqqq_open_drawdown_from_immediate_prior_peak,one_open_transition_per_day
1.3864979054618343,0.6234178599610714,-0.6783778326175082,1257887.6053302675,142,141,71,16,54,20,20,119,2010-02-12,2026-04-17,50.0,67.5,1.6,66.0,0.1,30.0,32.5,0.0,0.0,tqqq_open_drawdown_from_immediate_prior_peak,one_open_transition_per_day
1.3864979054618343,0.6234178599610714,-0.6783778326175082,1257887.6053302675,142,141,71,16,54,20,20,119,2010-02-12,2026-04-17,50.5,67.5,1.6,66.0,0.1,30.0,32.5,0.0,0.0,tqqq_open_drawdown_from_immediate_prior_peak,one_open_transition_per_day
1.3864979054618343,0.6234178599610714,-0.6783778326175082,1257887.6053302675,142,141,71,16,54,20,20,119,2010-02-12,2026-04-17,51.0,67.5,1.6,66.0,0.1,30.0,32.5,0.0,0.0,tqqq_open_drawdown_from_immediate_prior_peak,one_open_transition_per_day
1.3864979054618343,0.6234178599610714,-0.6783778326175082,1257887.6053302675,142,141,71,16,54,20,20,119,2010-02-12,2026-04-17,51.5,67.5,1.6,66.0,0.1,30.0,32.5,0.0,0.0,tqqq_open_drawdown_from_immediate_prior_peak,one_open_transition_per_day
1.3864979054618343,0.6234178599610714,-0.6783778326175082,1257887.6053302675,142,141,71,16,54,20,20,119,2010-02-12,2026-04-17,52.0,67.5,1.6,66.0,0.1,30.0,32.5,0.0,0.0,tqqq_open_drawdown_from_immediate_prior_peak,one_open_transition_per_day
1.3864979054618343,0.6234178599610714,-0.6783778326175082,1257887.6053302675,142,141,71,16,54,20,20,119,2010-02-12,2026-04-17,52.5,67.5,1.6,66.0,0.1,30.0,32.5,0.0,0.0,tqqq_open_drawdown_from_immediate_prior_peak,one_open_transition_per_day
1.3864979054618343,0.6234178599610714,-0.6783778326175082,1257887.6053302675,142,141,71,16,54,20,20,119,2010-02-12,2026-04-17,53.0,67.5,1.6,66.0,0.1,30.0,32.5,0.0,0.0,tqqq_open_drawdown_from_immediate_prior_peak,one_open_transition_per_day
1.3864979054618343,0.6234178599610714,-0.6783778326175082,1257887.6053302675,142,141,71,16,54,20,20,119,2010-02-12,2026-04-17,53.5,67.5,1.6,66.0,0.1,30.0,32.5,0.0,0.0,tqqq_open_drawdown_from_immediate_prior_peak,one_open_transition_per_day
1.3864979054618343,0.6234178599610714,-0.6783778326175082,1257887.6053302675,142,141,71,16,54,20,20,119,2010-02-12,2026-04-17,54.0,67.5,1.6,66.0,0.1,30.0,32.5,0.0,0.0,tqqq_open_drawdown_from_immediate_prior_peak,one_open_transition_per_day
1.3975306355699364,0.6225742891259646,-0.6535107178791755,1355144.6932488189,142,141,71,16,54,20,20,119,2010-02-12,2026-04-17,54.5,67.5,1.6,66.0,0.1,30.0,32.5,0.0,0.0,tqqq_open_drawdown_from_immediate_prior_peak,one_open_transition_per_day
1.3678247931014398,0.6194602751763884,-0.7016896373881096,1108044.090882981,142,141,71,16,54,21,21,119,2010-02-12,2026-04-17,55.0,67.5,1.6,66.0,0.1,30.0,32.5,0.0,0.0,tqqq_open_drawdown_from_immediate_prior_peak,one_open_transition_per_day
1.3678247931014398,0.6194602751763884,-0.7016896373881096,1108044.090882981,142,141,71,16,54,21,21,119,2010-02-12,2026-04-17,55.5,67.5,1.6,66.0,0.1,30.0,32.5,0.0,0.0,tqqq_open_drawdown_from_immediate_prior_peak,one_open_transition_per_day
1.3678247931014398,0.6194602751763884,-0.7016896373881096,1108044.090882981,142,141,71,16,54,21,21,119,2010-02-12,2026-04-17,56.0,67.5,1.6,66.0,0.1,30.0,32.5,0.0,0.0,tqqq_open_drawdown_from_immediate_prior_peak,one_open_transition_per_day
1.3678247931014398,0.6194602751763884,-0.7016896373881096,1108044.090882981,142,141,71,16,54,21,21,119,2010-02-12,2026-04-17,56.5,67.5,1.6,66.0,0.1,30.0,32.5,0.0,0.0,tqqq_open_drawdown_from_immediate_prior_peak,one_open_transition_per_day
1.3166258762539051,0.617157013562118,-0.7016896373881096,778510.6553078791,142,141,71,16,54,21,21,119,2010-02-12,2026-04-17,57.0,67.5,1.6,66.0,0.1,30.0,32.5,0.0,0.0,tqqq_open_drawdown_from_immediate_prior_peak,one_open_transition_per_day
1.3154735973916556,0.6157044254788219,-0.7040764699768643,772281.6574731682,142,141,71,16,54,21,21,119,2010-02-12,2026-04-17,57.5,67.5,1.6,66.0,0.1,30.0,32.5,0.0,0.0,tqqq_open_drawdown_from_immediate_prior_peak,one_open_transition_per_day
1.3154735973916556,0.6157044254788219,-0.7040764699768643,772281.6574731682,142,141,71,16,54,22,22,119,2010-02-12,2026-04-17,58.0,67.5,1.6,66.0,0.1,30.0,32.5,0.0,0.0,tqqq_open_drawdown_from_immediate_prior_peak,one_open_transition_per_day
1.3154735973916556,0.6157044254788219,-0.7040764699768643,772281.6574731682,142,141,71,16,54,22,22,119,2010-02-12,2026-04-17,58.5,67.5,1.6,66.0,0.1,30.0,32.5,0.0,0.0,tqqq_open_drawdown_from_immediate_prior_peak,one_open_transition_per_day
1.3154735973916556,0.6157044254788219,-0.7040764699768643,772281.6574731682,142,141,71,16,54,22,22,119,2010-02-12,2026-04-17,59.0,67.5,1.6,66.0,0.1,30.0,32.5,0.0,0.0,tqqq_open_drawdown_from_immediate_prior_peak,one_open_transition_per_day
1.3154735973916556,0.6157044254788219,-0.7040764699768643,772281.6574731682,142,141,71,16,54,22,22,119,2010-02-12,2026-04-17,59.5,67.5,1.6,66.0,0.1,30.0,32.5,0.0,0.0,tqqq_open_drawdown_from_immediate_prior_peak,one_open_transition_per_day
1.2750754521816248,0.6112645421509725,-0.7072799753701593,581231.2046237744,142,141,71,16,54,22,22,119,2010-02-12,2026-04-17,60.0,67.5,1.6,66.0,0.1,30.0,32.5,0.0,0.0,tqqq_open_drawdown_from_immediate_prior_peak,one_open_transition_per_day
1.2750754521816248,0.6112645421509725,-0.7072799753701593,581231.2046237744,142,141,71,16,54,22,22,119,2010-02-12,2026-04-17,60.5,67.5,1.6,66.0,0.1,30.0,32.5,0.0,0.0,tqqq_open_drawdown_from_immediate_prior_peak,one_open_transition_per_day
1.2793488510173607,0.6108269852169949,-0.6910886400596377,599112.6462894124,142,141,71,16,54,23,23,119,2010-02-12,2026-04-17,61.0,67.5,1.6,66.0,0.1,30.0,32.5,0.0,0.0,tqqq_open_drawdown_from_immediate_prior_peak,one_open_transition_per_day
1.2793488510173607,0.6108269852169949,-0.6910886400596377,599112.6462894124,142,141,71,16,54,23,23,119,2010-02-12,2026-04-17,61.5,67.5,1.6,66.0,0.1,30.0,32.5,0.0,0.0,tqqq_open_drawdown_from_immediate_prior_peak,one_open_transition_per_day
1.2863950860310847,0.6105120936796387,-0.6910886400596377,629727.9618974763,142,141,71,16,54,23,23,119,2010-02-12,2026-04-17,62.0,67.5,1.6,66.0,0.1,30.0,32.5,0.0,0.0,tqqq_open_drawdown_from_immediate_prior_peak,one_open_transition_per_day
1.291674367035534,0.6102814239764789,-0.6793678934159573,653621.1651039444,142,141,71,16,54,23,23,119,2010-02-12,2026-04-17,62.5,67.5,1.6,66.0,0.1,30.0,32.5,0.0,0.0,tqqq_open_drawdown_from_immediate_prior_peak,one_open_transition_per_day
1.291674367035534,0.6102814239764789,-0.6793678934159573,653621.1651039444,142,141,71,16,54,23,23,119,2010-02-12,2026-04-17,63.0,67.5,1.6,66.0,0.1,30.0,32.5,0.0,0.0,tqqq_open_drawdown_from_immediate_prior_peak,one_open_transition_per_day
1.2969984413781597,0.610189059504115,-0.6793678934159573,678576.4310702804,142,141,71,16,54,23,23,119,2010-02-12,2026-04-17,63.5,67.5,1.6,66.0,0.1,30.0,32.5,0.0,0.0,tqqq_open_drawdown_from_immediate_prior_peak,one_open_transition_per_day
1.3229516779497286,0.6087614741181944,-0.6155896764593598,813554.7877405299,142,141,71,16,54,23,23,119,2010-02-12,2026-04-17,64.0,67.5,1.6,66.0,0.1,30.0,32.5,0.0,0.0,tqqq_open_drawdown_from_immediate_prior_peak,one_open_transition_per_day
1.3135458671544433,0.6086350523234582,-0.6155896764593598,761965.1402712109,142,141,71,16,54,23,23,119,2010-02-12,2026-04-17,64.5,67.5,1.6,66.0,0.1,30.0,32.5,0.0,0.0,tqqq_open_drawdown_from_immediate_prior_peak,one_open_transition_per_day
1.3135458671544433,0.6086350523234582,-0.6155896764593598,761965.1402712109,142,141,71,16,54,23,23,119,2010-02-12,2026-04-17,65.0,67.5,1.6,66.0,0.1,30.0,32.5,0.0,0.0,tqqq_open_drawdown_from_immediate_prior_peak,one_open_transition_per_day
1.3135458671544433,0.6086350523234582,-0.6155896764593598,761965.1402712109,142,141,71,16,54,23,23,119,2010-02-12,2026-04-17,65.5,67.5,1.6,66.0,0.1,30.0,32.5,0.0,0.0,tqqq_open_drawdown_from_immediate_prior_peak,one_open_transition_per_day
1.3438188015981871,0.6050818290311735,-0.549260907108946,939937.0809574579,142,141,71,16,54,23,23,119,2010-02-12,2026-04-17,66.0,67.5,1.6,66.0,0.1,30.0,32.5,0.0,0.0,tqqq_open_drawdown_from_immediate_prior_peak,one_open_transition_per_day
1.3409239097975578,0.6047331854368776,-0.549260907108946,921366.0297448053,142,141,71,16,54,23,23,119,2010-02-12,2026-04-17,66.5,67.5,1.6,66.0,0.1,30.0,32.5,0.0,0.0,tqqq_open_drawdown_from_immediate_prior_peak,one_open_transition_per_day
1.3409239097975578,0.6047331854368776,-0.549260907108946,921366.0297448053,142,141,71,16,54,23,23,119,2010-02-12,2026-04-17,67.0,67.5,1.6,66.0,0.1,30.0,32.5,0.0,0.0,tqqq_open_drawdown_from_immediate_prior_peak,one_open_transition_per_day
1.3452289838186227,0.6046676140240284,-0.5356882520413444,949110.2026154618,142,141,71,16,54,23,23,119,2010-02-12,2026-04-17,67.5,67.5,1.6,66.0,0.1,30.0,32.5,0.0,0.0,tqqq_open_drawdown_from_immediate_prior_peak,one_open_transition_per_day
1.3452289838186227,0.6046676140240284,-0.5356882520413444,949110.2026154618,142,141,71,16,54,23,23,119,2010-02-12,2026-04-17,68.0,67.5,1.6,66.0,0.1,30.0,32.5,0.0,0.0,tqqq_open_drawdown_from_immediate_prior_peak,one_open_transition_per_day
1.3452289838186227,0.6046676140240284,-0.5356882520413444,949110.2026154618,142,141,71,16,54,23,23,119,2010-02-12,2026-04-17,68.5,67.5,1.6,66.0,0.1,30.0,32.5,0.0,0.0,tqqq_open_drawdown_from_immediate_prior_peak,one_open_transition_per_day
1.3452289838186227,0.6046676140240284,-0.5356882520413444,949110.2026154618,142,141,71,16,54,23,23,119,2010-02-12,2026-04-17,69.0,67.5,1.6,66.0,0.1,30.0,32.5,0.0,0.0,tqqq_open_drawdown_from_immediate_prior_peak,one_open_transition_per_day
1.2592276004573528,0.5908221698580719,-0.5305529027893163,519194.492034436,142,141,71,16,54,23,23,119,2010-02-12,2026-04-17,69.5,67.5,1.6,66.0,0.1,30.0,32.5,0.0,0.0,tqqq_open_drawdown_from_immediate_prior_peak,one_open_transition_per_day
1.2659642717553958,0.5910289411599186,-0.5086126711893997,544764.8751362548,142,141,71,16,54,23,23,119,2010-02-12,2026-04-17,70.0,67.5,1.6,66.0,0.1,30.0,32.5,0.0,0.0,tqqq_open_drawdown_from_immediate_prior_peak,one_open_transition_per_day
1.2673377260404504,0.5910453274924811,-0.503781338209591,550121.017537928,142,141,71,16,54,23,23,119,2010-02-12,2026-04-17,70.5,67.5,1.6,66.0,0.1,30.0,32.5,0.0,0.0,tqqq_open_drawdown_from_immediate_prior_peak,one_open_transition_per_day
1.2640067561897546,0.5858430263914387,-0.514258578134057,537215.5292560923,142,141,71,16,54,23,23,119,2010-02-12,2026-04-17,71.0,67.5,1.6,66.0,0.1,30.0,32.5,0.0,0.0,tqqq_open_drawdown_from_immediate_prior_peak,one_open_transition_per_day
1.2620974554690307,0.5859150360998553,-0.4962479572623473,529946.7627723701,142,141,71,16,54,23,23,119,2010-02-12,2026-04-17,71.5,67.5,1.6,66.0,0.1,30.0,32.5,0.0,0.0,tqqq_open_drawdown_from_immediate_prior_peak,one_open_transition_per_day
1.2620974554690307,0.5859150360998553,-0.4962479572623473,529946.7627723701,142,141,71,16,54,23,23,119,2010-02-12,2026-04-17,72.0,67.5,1.6,66.0,0.1,30.0,32.5,0.0,0.0,tqqq_open_drawdown_from_immediate_prior_peak,one_open_transition_per_day
1.2620974554690307,0.5859150360998553,-0.4962479572623473,529946.7627723701,142,141,71,16,54,23,23,119,2010-02-12,2026-04-17,72.5,67.5,1.6,66.0,0.1,30.0,32.5,0.0,0.0,tqqq_open_drawdown_from_immediate_prior_peak,one_open_transition_per_day
1.2554495035836184,0.5857531363294254,-0.4962479572623473,505351.2262495704,142,141,71,16,54,23,23,119,2010-02-12,2026-04-17,73.0,67.5,1.6,66.0,0.1,30.0,32.5,0.0,0.0,tqqq_open_drawdown_from_immediate_prior_peak,one_open_transition_per_day
1.260244491735917,0.5855299326616714,-0.4962479572623473,522980.77284689946,142,141,71,16,54,23,23,119,2010-02-12,2026-04-17,73.5,67.5,1.6,66.0,0.1,30.0,32.5,0.0,0.0,tqqq_open_drawdown_from_immediate_prior_peak,one_open_transition_per_day
1.2605604890123439,0.5848891968373581,-0.4962479572623473,524162.6182985941,142,141,71,16,54,23,23,119,2010-02-12,2026-04-17,74.0,67.5,1.6,66.0,0.1,30.0,32.5,0.0,0.0,tqqq_open_drawdown_from_immediate_prior_peak,one_open_transition_per_day
1.2737222254167406,0.5845009837517433,-0.4962479572623473,575674.0106159494,142,141,71,16,54,23,23,119,2010-02-12,2026-04-17,74.5,67.5,1.6,66.0,0.1,30.0,32.5,0.0,0.0,tqqq_open_drawdown_from_immediate_prior_peak,one_open_transition_per_day
1.2878046505140714,0.584267657230377,-0.4962479572623473,636025.9623128511,142,141,71,16,54,23,23,119,2010-02-12,2026-04-17,75.0,67.5,1.6,66.0,0.1,30.0,32.5,0.0,0.0,tqqq_open_drawdown_from_immediate_prior_peak,one_open_transition_per_day
1.2190967809635294,0.5798980492929051,-0.6058407002348286,388729.3742321011,142,141,71,16,54,23,23,119,2010-02-12,2026-04-17,75.5,67.5,1.6,66.0,0.1,30.0,32.5,0.0,0.0,tqqq_open_drawdown_from_immediate_prior_peak,one_open_transition_per_day
1.2415322983370252,0.580134010520195,-0.5947963722500702,457287.0736227642,142,141,71,16,54,23,23,119,2010-02-12,2026-04-17,76.0,67.5,1.6,66.0,0.1,30.0,32.5,0.0,0.0,tqqq_open_drawdown_from_immediate_prior_peak,one_open_transition_per_day
1.2386183454406843,0.5800506875365488,-0.5947963722500702,447782.2730271116,142,141,71,16,54,24,24,119,2010-02-12,2026-04-17,76.5,67.5,1.6,66.0,0.1,30.0,32.5,0.0,0.0,tqqq_open_drawdown_from_immediate_prior_peak,one_open_transition_per_day
1.2161747278320356,0.5787444404788377,-0.6444787188858281,380546.2210142638,142,141,71,16,54,24,24,119,2010-02-12,2026-04-17,77.0,67.5,1.6,66.0,0.1,30.0,32.5,0.0,0.0,tqqq_open_drawdown_from_immediate_prior_peak,one_open_transition_per_day
1.184801587111746,0.5778684639523558,-0.6528751819840212,302291.78415399685,142,141,71,16,54,24,24,119,2010-02-12,2026-04-17,77.5,67.5,1.6,66.0,0.1,30.0,32.5,0.0,0.0,tqqq_open_drawdown_from_immediate_prior_peak,one_open_transition_per_day
1.1879227251527422,0.5778814495468734,-0.6447808930227664,309340.65223995165,142,141,71,16,54,24,24,119,2010-02-12,2026-04-17,78.0,67.5,1.6,66.0,0.1,30.0,32.5,0.0,0.0,tqqq_open_drawdown_from_immediate_prior_peak,one_open_transition_per_day
1.1894321789972828,0.5764678457327472,-0.6408031022867051,312804.6899468144,142,141,71,16,54,24,24,119,2010-02-12,2026-04-17,78.5,67.5,1.6,66.0,0.1,30.0,32.5,0.0,0.0,tqqq_open_drawdown_from_immediate_prior_peak,one_open_transition_per_day
1.177936161121787,0.5758666205135378,-0.6312294564652764,287313.44149896194,142,141,71,16,54,24,24,119,2010-02-12,2026-04-17,79.0,67.5,1.6,66.0,0.1,30.0,32.5,0.0,0.0,tqqq_open_drawdown_from_immediate_prior_peak,one_open_transition_per_day
1.179056371344255,0.5758631857486561,-0.6281548446399718,289708.9075151318,142,141,71,16,54,24,24,119,2010-02-12,2026-04-17,79.5,67.5,1.6,66.0,0.1,30.0,32.5,0.0,0.0,tqqq_open_drawdown_from_immediate_prior_peak,one_open_transition_per_day
1.1931002573362846,0.576087273284913,-0.5875112575385235,321374.80136079947,142,141,71,16,54,24,24,119,2010-02-12,2026-04-17,80.0,67.5,1.6,66.0,0.1,30.0,32.5,0.0,0.0,tqqq_open_drawdown_from_immediate_prior_peak,one_open_transition_per_day
1.1931002573362846,0.576087273284913,-0.5875112575385235,321374.80136079947,142,141,71,16,54,24,24,119,2010-02-12,2026-04-17,80.5,67.5,1.6,66.0,0.1,30.0,32.5,0.0,0.0,tqqq_open_drawdown_from_immediate_prior_peak,one_open_transition_per_day
1.193142102240432,0.5760091686869294,-0.58738415737808,321473.8265816375,142,141,71,16,54,24,24,119,2010-02-12,2026-04-17,81.0,67.5,1.6,66.0,0.1,30.0,32.5,0.0,0.0,tqqq_open_drawdown_from_immediate_prior_peak,one_open_transition_per_day
1.1893730860688896,0.5754032160041359,-0.579290627299781,312668.39628814865,142,141,71,16,54,24,24,119,2010-02-12,2026-04-17,81.5,67.5,1.6,66.0,0.1,30.0,32.5,0.0,0.0,tqqq_open_drawdown_from_immediate_prior_peak,one_open_transition_per_day
1.1456096354390186,0.5687933564167129,-0.696338565492973,225679.15027061934,142,141,71,16,54,24,24,119,2010-02-12,2026-04-17,82.0,67.5,1.6,66.0,0.1,30.0,32.5,0.0,0.0,tqqq_open_drawdown_from_immediate_prior_peak,one_open_transition_per_day
1.1456096354390186,0.5687933564167129,-0.696338565492973,225679.15027061934,142,141,71,16,54,24,24,119,2010-02-12,2026-04-17,82.5,67.5,1.6,66.0,0.1,30.0,32.5,0.0,0.0,tqqq_open_drawdown_from_immediate_prior_peak,one_open_transition_per_day
1.1456096354390186,0.5687933564167129,-0.696338565492973,225679.15027061934,142,141,71,16,54,24,24,119,2010-02-12,2026-04-17,83.0,67.5,1.6,66.0,0.1,30.0,32.5,0.0,0.0,tqqq_open_drawdown_from_immediate_prior_peak,one_open_transition_per_day
1.1456096354390186,0.5687933564167129,-0.696338565492973,225679.15027061934,142,141,71,16,54,24,24,119,2010-02-12,2026-04-17,83.5,67.5,1.6,66.0,0.1,30.0,32.5,0.0,0.0,tqqq_open_drawdown_from_immediate_prior_peak,one_open_transition_per_day
1.1456096354390186,0.5687933564167129,-0.696338565492973,225679.15027061934,142,141,71,16,54,24,24,119,2010-02-12,2026-04-17,84.0,67.5,1.6,66.0,0.1,30.0,32.5,0.0,0.0,tqqq_open_drawdown_from_immediate_prior_peak,one_open_transition_per_day
1.1456096354390186,0.5687933564167129,-0.696338565492973,225679.15027061934,142,141,71,16,54,24,24,119,2010-02-12,2026-04-17,84.5,67.5,1.6,66.0,0.1,30.0,32.5,0.0,0.0,tqqq_open_drawdown_from_immediate_prior_peak,one_open_transition_per_day
1.1456096354390186,0.5687933564167129,-0.696338565492973,225679.15027061934,142,141,71,16,54,24,24,119,2010-02-12,2026-04-17,85.0,67.5,1.6,66.0,0.1,30.0,32.5,0.0,0.0,tqqq_open_drawdown_from_immediate_prior_peak,one_open_transition_per_day
1.1456096354390186,0.5687933564167129,-0.696338565492973,225679.15027061934,142,141,71,16,54,24,24,119,2010-02-12,2026-04-17,85.5,67.5,1.6,66.0,0.1,30.0,32.5,0.0,0.0,tqqq_open_drawdown_from_immediate_prior_peak,one_open_transition_per_day
1.1456096354390186,0.5687933564167129,-0.696338565492973,225679.15027061934,142,141,71,16,54,24,24,119,2010-02-12,2026-04-17,86.0,67.5,1.6,66.0,0.1,30.0,32.5,0.0,0.0,tqqq_open_drawdown_from_immediate_prior_peak,one_open_transition_per_day
1.1456096354390186,0.5687933564167129,-0.696338565492973,225679.15027061934,142,141,71,16,54,24,24,119,2010-02-12,2026-04-17,86.5,67.5,1.6,66.0,0.1,30.0,32.5,0.0,0.0,tqqq_open_drawdown_from_immediate_prior_peak,one_open_transition_per_day
1.1456096354390186,0.5687933564167129,-0.696338565492973,225679.15027061934,142,141,71,16,54,24,24,119,2010-02-12,2026-04-17,87.0,67.5,1.6,66.0,0.1,30.0,32.5,0.0,0.0,tqqq_open_drawdown_from_immediate_prior_peak,one_open_transition_per_day
1.1456096354390186,0.5687933564167129,-0.696338565492973,225679.15027061934,142,141,71,16,54,24,24,119,2010-02-12,2026-04-17,87.5,67.5,1.6,66.0,0.1,30.0,32.5,0.0,0.0,tqqq_open_drawdown_from_immediate_prior_peak,one_open_transition_per_day
1.1456096354390186,0.5687933564167129,-0.696338565492973,225679.15027061934,142,141,71,16,54,24,24,119,2010-02-12,2026-04-17,88.0,67.5,1.6,66.0,0.1,30.0,32.5,0.0,0.0,tqqq_open_drawdown_from_immediate_prior_peak,one_open_transition_per_day
1.1456096354390186,0.5687933564167129,-0.696338565492973,225679.15027061934,142,141,71,16,54,24,24,119,2010-02-12,2026-04-17,88.5,67.5,1.6,66.0,0.1,30.0,32.5,0.0,0.0,tqqq_open_drawdown_from_immediate_prior_peak,one_open_transition_per_day
1.1456096354390186,0.5687933564167129,-0.696338565492973,225679.15027061934,142,141,71,16,54,24,24,119,2010-02-12,2026-04-17,89.0,67.5,1.6,66.0,0.1,30.0,32.5,0.0,0.0,tqqq_open_drawdown_from_immediate_prior_peak,one_open_transition_per_day
1.1456096354390186,0.5687933564167129,-0.696338565492973,225679.15027061934,142,141,71,16,54,24,24,119,2010-02-12,2026-04-17,89.5,67.5,1.6,66.0,0.1,30.0,32.5,0.0,0.0,tqqq_open_drawdown_from_immediate_prior_peak,one_open_transition_per_day
1.1456096354390186,0.5687933564167129,-0.696338565492973,225679.15027061934,142,141,71,16,54,24,24,119,2010-02-12,2026-04-17,90.0,67.5,1.6,66.0,0.1,30.0,32.5,0.0,0.0,tqqq_open_drawdown_from_immediate_prior_peak,one_open_transition_per_day
1.1456096354390186,0.5687933564167129,-0.696338565492973,225679.15027061934,142,141,71,16,54,24,24,119,2010-02-12,2026-04-17,90.5,67.5,1.6,66.0,0.1,30.0,32.5,0.0,0.0,tqqq_open_drawdown_from_immediate_prior_peak,one_open_transition_per_day
1.1456096354390186,0.5687933564167129,-0.696338565492973,225679.15027061934,142,141,71,16,54,24,24,119,2010-02-12,2026-04-17,91.0,67.5,1.6,66.0,0.1,30.0,32.5,0.0,0.0,tqqq_open_drawdown_from_immediate_prior_peak,one_open_transition_per_day
1.1456096354390186,0.5687933564167129,-0.696338565492973,225679.15027061934,142,141,71,16,54,24,24,119,2010-02-12,2026-04-17,91.5,67.5,1.6,66.0,0.1,30.0,32.5,0.0,0.0,tqqq_open_drawdown_from_immediate_prior_peak,one_open_transition_per_day
1.1456096354390186,0.5687933564167129,-0.696338565492973,225679.15027061934,142,141,71,16,54,24,24,119,2010-02-12,2026-04-17,92.0,67.5,1.6,66.0,0.1,30.0,32.5,0.0,0.0,tqqq_open_drawdown_from_immediate_prior_peak,one_open_transition_per_day
1.1456096354390186,0.5687933564167129,-0.696338565492973,225679.15027061934,142,141,71,16,54,24,24,119,2010-02-12,2026-04-17,92.5,67.5,1.6,66.0,0.1,30.0,32.5,0.0,0.0,tqqq_open_drawdown_from_immediate_prior_peak,one_open_transition_per_day
1.1456096354390186,0.5687933564167129,-0.696338565492973,225679.15027061934,142,141,71,16,54,24,24,119,2010-02-12,2026-04-17,93.0,67.5,1.6,66.0,0.1,30.0,32.5,0.0,0.0,tqqq_open_drawdown_from_immediate_prior_peak,one_open_transition_per_day
1.1456096354390186,0.5687933564167129,-0.696338565492973,225679.15027061934,142,141,71,16,54,24,24,119,2010-02-12,2026-04-17,93.5,67.5,1.6,66.0,0.1,30.0,32.5,0.0,0.0,tqqq_open_drawdown_from_immediate_prior_peak,one_open_transition_per_day
1.1456096354390186,0.5687933564167129,-0.696338565492973,225679.15027061934,142,141,71,16,54,24,24,119,2010-02-12,2026-04-17,94.0,67.5,1.6,66.0,0.1,30.0,32.5,0.0,0.0,tqqq_open_drawdown_from_immediate_prior_peak,one_open_transition_per_day
1.1456096354390186,0.5687933564167129,-0.696338565492973,225679.15027061934,142,141,71,16,54,24,24,119,2010-02-12,2026-04-17,94.5,67.5,1.6,66.0,0.1,30.0,32.5,0.0,0.0,tqqq_open_drawdown_from_immediate_prior_peak,one_open_transition_per_day
1.1456096354390186,0.5687933564167129,-0.696338565492973,225679.15027061934,142,141,71,16,54,24,24,119,2010-02-12,2026-04-17,95.0,67.5,1.6,66.0,0.1,30.0,32.5,0.0,0.0,tqqq_open_drawdown_from_immediate_prior_peak,one_open_transition_per_day
1.1456096354390186,0.5687933564167129,-0.696338565492973,225679.15027061934,142,141,71,16,54,24,24,119,2010-02-12,2026-04-17,95.5,67.5,1.6,66.0,0.1,30.0,32.5,0.0,0.0,tqqq_open_drawdown_from_immediate_prior_peak,one_open_transition_per_day
1.1456096354390186,0.5687933564167129,-0.696338565492973,225679.15027061934,142,141,71,16,54,24,24,119,2010-02-12,2026-04-17,96.0,67.5,1.6,66.0,0.1,30.0,32.5,0.0,0.0,tqqq_open_drawdown_from_immediate_prior_peak,one_open_transition_per_day
1.1456096354390186,0.5687933564167129,-0.696338565492973,225679.15027061934,142,141,71,16,54,24,24,119,2010-02-12,2026-04-17,96.5,67.5,1.6,66.0,0.1,30.0,32.5,0.0,0.0,tqqq_open_drawdown_from_immediate_prior_peak,one_open_transition_per_day
1.1456096354390186,0.5687933564167129,-0.696338565492973,225679.15027061934,142,141,71,16,54,24,24,119,2010-02-12,2026-04-17,97.0,67.5,1.6,66.0,0.1,30.0,32.5,0.0,0.0,tqqq_open_drawdown_from_immediate_prior_peak,one_open_transition_per_day
1.1456096354390186,0.5687933564167129,-0.696338565492973,225679.15027061934,142,141,71,16,54,24,24,119,2010-02-12,2026-04-17,97.5,67.5,1.6,66.0,0.1,30.0,32.5,0.0,0.0,tqqq_open_drawdown_from_immediate_prior_peak,one_open_transition_per_day
1.1456096354390186,0.5687933564167129,-0.696338565492973,225679.15027061934,142,141,71,16,54,24,24,119,2010-02-12,2026-04-17,98.0,67.5,1.6,66.0,0.1,30.0,32.5,0.0,0.0,tqqq_open_drawdown_from_immediate_prior_peak,one_open_transition_per_day
1.1456096354390186,0.5687933564167129,-0.696338565492973,225679.15027061934,142,141,71,16,54,24,24,119,2010-02-12,2026-04-17,98.5,67.5,1.6,66.0,0.1,30.0,32.5,0.0,0.0,tqqq_open_drawdown_from_immediate_prior_peak,one_open_transition_per_day
1.1456096354390186,0.5687933564167129,-0.696338565492973,225679.15027061934,142,141,71,16,54,24,24,119,2010-02-12,2026-04-17,99.0,67.5,1.6,66.0,0.1,30.0,32.5,0.0,0.0,tqqq_open_drawdown_from_immediate_prior_peak,one_open_transition_per_day
1.1456096354390186,0.5687933564167129,-0.696338565492973,225679.15027061934,142,141,71,16,54,24,24,119,2010-02-12,2026-04-17,99.5,67.5,1.6,66.0,0.1,30.0,32.5,0.0,0.0,tqqq_open_drawdown_from_immediate_prior_peak,one_open_transition_per_day
